title,product condition,price RUB,rating,reviews,Screen Size in,Storage Capacity GB,RAM GB,Features,Brand,Model,Processor,Chipset Model,Colour,Lock Status,Network,Operating System,Connectivity,Camera Resolution MP
209,0,106.08,0.8616241299303946,0.06579324841224019,0.008093434343434344,0.22425696986734306,0.061817023793276,81,27,176,30,92,19,7,18,15,64,0.26600449757589073
3,4,9456.9,0.9400000000000001,0.037109375,0.005411255411255412,0.06158357771260997,0.027450980392156862,44,27,154,14,92,19,4,1,5,9,0.24962481240620313
343,4,38996.68,0.8616241299303946,0.06579324841224019,0.008093434343434344,0.006842619745845552,0.061817023793276,81,27,157,30,92,19,7,4,16,64,0.26600449757589073
123,0,4232.57,0.8,0.001953125,0.008093434343434344,0.22425696986734306,0.061817023793276,81,18,176,30,92,19,7,18,15,64,0.26600449757589073
124,0,7414.95,0.8,0.001953125,0.008093434343434344,0.22425696986734306,0.061817023793276,81,18,176,30,92,19,7,18,15,64,0.26600449757589073
210,4,53529.64,0.0,0.0,0.005411255411255412,0.1241446725317693,0.058823529411764705,81,27,160,3,17,19,7,19,5,63,0.24962481240620313
223,8,9944.42,0.8616241299303946,0.06579324841224019,0.008093434343434344,0.06158357771260997,0.061817023793276,81,27,67,30,92,19,5,20,15,64,0.26600449757589073
140,0,2110.98,0.0,0.0,0.008093434343434344,0.22425696986734306,0.061817023793276,81,20,176,30,92,19,7,18,15,64,0.26600449757589073
60,0,4484.2,0.9199999999999999,0.05859375,0.005411255411255412,0.06158357771260997,0.061817023793276,81,27,155,30,49,19,4,19,5,64,0.26600449757589073
139,0,3171.77,0.0,0.0,0.008093434343434344,0.22425696986734306,0.061817023793276,81,20,176,30,92,19,7,18,15,64,0.26600449757589073
146,0,2641.38,0.8616241299303946,0.06579324841224019,0.008093434343434344,0.22425696986734306,0.061817023793276,81,20,176,30,92,19,7,18,15,64,0.26600449757589073
111,4,24375.0,0.8616241299303946,0.06579324841224019,0.005411255411255412,0.1241446725317693,0.061817023793276,83,18,104,28,92,19,4,5,7,11,0.31965982991495745
136,1,5293.36,0.8616241299303946,0.06579324841224019,0.008093434343434344,0.22425696986734306,0.061817023793276,81,20,176,30,92,19,7,18,15,64,0.26600449757589073
23,1,37050.51,0.0,0.0,0.005411255411255412,0.1241446725317693,0.043137254901960784,81,4,24,5,92,19,4,21,17,65,0.05952976488244122
204,0,13950.91,1.0,0.005859375,0.005411255411255412,0.1241446725317693,0.058823529411764705,70,26,158,14,89,3,2,19,5,62,0.05952976488244122
254,1,83852.38,0.8616241299303946,0.06579324841224019,0.005411255411255412,0.24926686217008798,0.09019607843137255,81,27,159,30,92,19,7,21,15,30,0.26600449757589073
9,0,18525.74,0.9400000000000001,0.078125,0.005411255411255412,0.06158357771260997,0.027450980392156862,81,4,18,5,6,19,7,19,17,51,0.05952976488244122
326,0,12682.53,0.96,0.107421875,0.005411255411255412,0.1241446725317693,0.027450980392156862,78,13,76,30,92,14,7,19,15,64,0.26600449757589073
128,1,63541.54,0.8616241299303946,0.06579324841224019,0.008093434343434344,0.22425696986734306,0.061817023793276,81,20,176,30,92,19,7,18,15,64,0.26600449757589073
196,0,12681.79,0.8616241299303946,0.06579324841224019,0.008093434343434344,0.22425696986734306,0.061817023793276,81,35,176,30,92,19,7,18,15,64,0.26600449757589073
222,3,759.76,0.8616241299303946,0.06579324841224019,0.004329004329004329,0.01466275659824047,0.011764705882352941,81,27,163,16,92,2,5,19,5,8,0.06453226613306652
5,6,39585.61,0.8616241299303946,0.06579324841224019,0.004329004329004329,0.06158357771260997,0.061817023793276,81,4,19,30,92,19,7,18,18,64,0.26600449757589073
29,4,68251.76,0.8616241299303946,0.06579324841224019,0.005411255411255412,0.1241446725317693,0.058823529411764705,81,4,29,5,2,19,4,22,17,44,0.2396198099049525
30,4,68251.76,0.8616241299303946,0.06579324841224019,0.005411255411255412,0.1241446725317693,0.058823529411764705,81,4,29,5,2,19,4,22,17,44,0.2396198099049525
318,4,48654.45,0.9400000000000001,0.01171875,0.004329004329004329,0.1241446725317693,0.043137254901960784,71,17,96,14,82,19,4,2,5,61,0.054527263631815905
28,4,68251.76,0.8616241299303946,0.06579324841224019,0.005411255411255412,0.1241446725317693,0.058823529411764705,81,4,29,5,2,19,4,22,17,44,0.2396198099049525
209,0,106.08,0.8616241299303946,0.06579324841224019,0.008093434343434344,0.22425696986734306,0.061817023793276,81,27,176,30,92,19,7,18,15,64,0.26600449757589073
3,4,9456.9,0.9400000000000001,0.037109375,0.005411255411255412,0.06158357771260997,0.027450980392156862,44,27,154,14,92,19,4,1,5,9,0.24962481240620313
336,1,3315.13,0.9,0.00390625,0.004329004329004329,0.01466275659824047,0.011764705882352941,64,10,43,16,44,19,4,15,5,46,0.02451225612806403
238,0,3171.77,0.8616241299303946,0.06579324841224019,0.008093434343434344,0.22425696986734306,0.061817023793276,81,30,176,30,92,19,7,18,15,64,0.26600449757589073
116,0,4387.68,0.9199999999999999,0.0546875,0.005411255411255412,0.030303030303030304,0.0196078431372549,57,18,101,14,54,19,4,19,5,61,0.26600449757589073
323,4,67765.21,0.8616241299303946,0.06579324841224019,0.005411255411255412,0.24926686217008798,0.09019607843137255,89,27,162,14,78,19,4,21,5,34,0.26600449757589073
181,0,3702.17,0.8616241299303946,0.06579324841224019,0.008093434343434344,0.22425696986734306,0.061817023793276,81,11,176,30,92,19,7,18,15,64,0.26600449757589073
2,1,84827.42,0.8616241299303946,0.06579324841224019,0.005411255411255412,0.24926686217008798,0.09019607843137255,81,27,161,30,92,19,7,1,5,30,0.26600449757589073
198,0,3702.17,0.8616241299303946,0.06579324841224019,0.008093434343434344,0.22425696986734306,0.061817023793276,81,27,176,30,92,19,7,18,15,64,0.26600449757589073
133,0,2641.38,0.8616241299303946,0.06579324841224019,0.008093434343434344,0.22425696986734306,0.061817023793276,81,20,176,30,92,19,7,18,15,64,0.26600449757589073
314,3,2925.12,0.8616241299303946,0.06579324841224019,0.008093434343434344,0.22425696986734306,0.061817023793276,81,18,99,30,92,19,7,5,15,64,0.26600449757589073
329,0,5072.25,1.0,0.009765625,0.004329004329004329,0.01466275659824047,0.011764705882352941,81,18,103,14,92,2,5,19,9,13,0.07953976988494246
115,4,7799.34,0.8616241299303946,0.06579324841224019,0.005411255411255412,0.1241446725317693,0.027450980392156862,42,18,100,15,52,19,4,7,8,3,0.26600449757589073
58,1,8773.4,0.8616241299303946,0.06579324841224019,0.008093434343434344,0.24926686217008798,0.061817023793276,81,34,40,30,92,19,7,19,5,23,0.5397698849424712
322,4,13541.34,0.8616241299303946,0.06579324841224019,0.005411255411255412,0.1241446725317693,0.027450980392156862,81,27,215,30,92,19,7,10,5,23,0.26600449757589073
127,4,7799.34,0.8616241299303946,0.06579324841224019,0.9999999999999999,0.22425696986734306,0.061817023793276,81,19,44,30,92,19,7,18,15,64,0.26600449757589073
237,0,4232.57,0.96,0.0078125,0.008093434343434344,0.22425696986734306,0.061817023793276,81,30,176,30,92,19,7,18,15,64,0.26600449757589073
14,1,46314.35,1.0,0.0078125,0.005411255411255412,0.24926686217008798,0.061817023793276,73,4,22,5,8,19,2,19,17,33,0.05952976488244122
16,1,61427.46,0.9800000000000001,0.0234375,0.005411255411255412,0.24926686217008798,0.043137254901960784,8,4,23,5,92,19,2,19,17,47,0.05952976488244122
52,1,9749.41,0.8616241299303946,0.06579324841224019,0.008093434343434344,0.22425696986734306,0.061817023793276,81,6,44,30,92,19,7,18,15,64,0.26600449757589073
125,0,1898.82,0.78,0.064453125,0.008093434343434344,0.22425696986734306,0.061817023793276,81,20,176,30,92,19,7,18,15,64,0.26600449757589073
233,1,81415.76,1.0,0.0078125,0.006493506493506494,0.4995112414467253,0.09019607843137255,7,27,167,14,76,19,2,19,5,54,0.24962481240620313
234,1,77710.61,0.8,0.001953125,0.006493506493506494,0.4995112414467253,0.09019607843137255,7,27,167,14,76,19,2,19,5,54,0.24962481240620313
333,4,73030.42,0.8616241299303946,0.06579324841224019,0.005411255411255412,0.4995112414467253,0.09019607843137255,90,27,161,14,77,19,4,11,5,44,1.0
219,1,86778.47,0.8,0.015625,0.005411255411255412,0.4995112414467253,0.09019607843137255,89,27,161,14,77,19,2,19,5,54,1.0
215,1,92628.71,0.8,0.015625,0.005411255411255412,0.4995112414467253,0.09019607843137255,89,27,161,14,77,19,2,19,5,54,1.0
214,1,92628.71,0.8,0.015625,0.005411255411255412,0.4995112414467253,0.09019607843137255,89,27,161,14,77,19,2,19,5,54,1.0
217,1,87753.51,1.0,0.0078125,0.005411255411255412,0.4995112414467253,0.09019607843137255,89,27,161,14,77,19,2,19,5,54,1.0
221,1,86778.47,0.8,0.015625,0.005411255411255412,0.4995112414467253,0.09019607843137255,89,27,161,14,77,19,2,19,5,54,1.0
213,1,93603.74,0.8,0.015625,0.005411255411255412,0.4995112414467253,0.09019607843137255,89,27,161,14,77,19,2,19,5,54,1.0
212,1,89996.1,1.0,0.0078125,0.005411255411255412,0.4995112414467253,0.09019607843137255,89,27,161,14,77,19,2,19,5,54,1.0
218,1,86778.47,1.0,0.005859375,0.005411255411255412,0.4995112414467253,0.061817023793276,7,27,66,14,92,19,2,19,5,64,1.0
216,1,92628.71,0.8,0.015625,0.005411255411255412,0.4995112414467253,0.09019607843137255,89,27,161,14,77,19,2,19,5,54,1.0
220,1,91653.67,0.8,0.015625,0.005411255411255412,0.4995112414467253,0.09019607843137255,89,27,161,14,77,19,2,19,5,54,1.0
211,1,86778.47,0.86,0.005859375,0.005411255411255412,0.24926686217008798,0.09019607843137255,89,27,161,14,77,19,2,19,5,54,1.0
129,4,4187.79,0.8616241299303946,0.06579324841224019,0.0,0.1241446725317693,0.00392156862745098,49,20,106,27,92,19,2,19,5,7,0.0
52,1,9749.41,0.8616241299303946,0.06579324841224019,0.008093434343434344,0.22425696986734306,0.061817023793276,81,6,44,30,92,19,7,18,15,64,0.26600449757589073
125,0,1898.82,0.78,0.064453125,0.008093434343434344,0.22425696986734306,0.061817023793276,81,20,176,30,92,19,7,18,15,64,0.26600449757589073
233,1,81415.76,1.0,0.0078125,0.006493506493506494,0.4995112414467253,0.09019607843137255,7,27,167,14,76,19,2,19,5,54,0.24962481240620313
234,1,77710.61,0.8,0.001953125,0.006493506493506494,0.4995112414467253,0.09019607843137255,7,27,167,14,76,19,2,19,5,54,0.24962481240620313
333,4,73030.42,0.8616241299303946,0.06579324841224019,0.005411255411255412,0.4995112414467253,0.09019607843137255,90,27,161,14,77,19,4,11,5,44,1.0
219,1,86778.47,0.8,0.015625,0.005411255411255412,0.4995112414467253,0.09019607843137255,89,27,161,14,77,19,2,19,5,54,1.0
215,1,92628.71,0.8,0.015625,0.005411255411255412,0.4995112414467253,0.09019607843137255,89,27,161,14,77,19,2,19,5,54,1.0
214,1,92628.71,0.8,0.015625,0.005411255411255412,0.4995112414467253,0.09019607843137255,89,27,161,14,77,19,2,19,5,54,1.0
217,1,87753.51,1.0,0.0078125,0.005411255411255412,0.4995112414467253,0.09019607843137255,89,27,161,14,77,19,2,19,5,54,1.0
221,1,86778.47,0.8,0.015625,0.005411255411255412,0.4995112414467253,0.09019607843137255,89,27,161,14,77,19,2,19,5,54,1.0
213,1,93603.74,0.8,0.015625,0.005411255411255412,0.4995112414467253,0.09019607843137255,89,27,161,14,77,19,2,19,5,54,1.0
212,1,89996.1,1.0,0.0078125,0.005411255411255412,0.4995112414467253,0.09019607843137255,89,27,161,14,77,19,2,19,5,54,1.0
218,1,86778.47,1.0,0.005859375,0.005411255411255412,0.4995112414467253,0.061817023793276,7,27,66,14,92,19,2,19,5,64,1.0
216,1,92628.71,0.8,0.015625,0.005411255411255412,0.4995112414467253,0.09019607843137255,89,27,161,14,77,19,2,19,5,54,1.0
220,1,91653.67,0.8,0.015625,0.005411255411255412,0.4995112414467253,0.09019607843137255,89,27,161,14,77,19,2,19,5,54,1.0
211,1,86778.47,0.86,0.005859375,0.005411255411255412,0.24926686217008798,0.09019607843137255,89,27,161,14,77,19,2,19,5,54,1.0
129,4,4187.79,0.8616241299303946,0.06579324841224019,0.0,0.1241446725317693,0.00392156862745098,49,20,106,27,92,19,2,19,5,7,0.0
17,1,35003.9,0.8616241299303946,0.06579324841224019,0.005411255411255412,0.1241446725317693,0.027450980392156862,48,4,22,5,8,19,4,1,17,33,0.05952976488244122
19,1,35003.9,0.8616241299303946,0.06579324841224019,0.005411255411255412,0.1241446725317693,0.027450980392156862,48,4,22,5,8,19,4,1,17,33,0.05952976488244122
132,0,1898.82,0.9,0.00390625,0.008093434343434344,0.22425696986734306,0.061817023793276,81,20,107,30,92,18,7,18,15,64,0.26600449757589073
1,4,2729.13,1.0,0.001953125,0.004329004329004329,0.030303030303030304,0.0196078431372549,81,1,17,30,92,19,4,1,5,59,0.02451225612806403
72,6,68251.76,0.8616241299303946,0.06579324841224019,0.005411255411255412,0.1241446725317693,0.058823529411764705,17,12,72,14,20,19,4,12,5,16,0.24962481240620313
18,1,35003.9,1.0,0.0078125,0.005411255411255412,0.1241446725317693,0.027450980392156862,48,4,22,5,8,19,4,1,17,33,0.05952976488244122
235,0,3171.77,0.8616241299303946,0.06579324841224019,0.008093434343434344,0.22425696986734306,0.061817023793276,81,27,176,30,92,19,7,18,15,64,0.26600449757589073
324,1,93602.77,0.8616241299303946,0.06579324841224019,0.008093434343434344,0.4995112414467253,0.09019607843137255,81,27,161,30,92,19,7,19,5,30,0.26600449757589073
316,4,34414.0,0.0,0.0,0.005411255411255412,0.06158357771260997,0.027450980392156862,6,4,21,16,7,19,2,19,17,10,0.05952976488244122
137,0,2641.38,0.86,0.017578125,0.008093434343434344,0.22425696986734306,0.061817023793276,81,20,176,30,92,19,7,18,15,64,0.26600449757589073
177,0,2641.38,0.8,0.009765625,0.008093434343434344,0.22425696986734306,0.061817023793276,81,27,176,30,92,19,7,18,15,64,0.26600449757589073
320,4,48654.45,1.0,0.009765625,0.005411255411255412,0.1241446725317693,0.043137254901960784,51,27,164,14,92,19,2,9,5,23,0.24962481240620313
327,1,6824.3,0.8616241299303946,0.06579324841224019,0.005411255411255412,0.06158357771260997,0.027450980392156862,81,18,100,30,41,19,4,5,5,23,0.24962481240620313
59,0,2121.59,0.8616241299303946,0.06579324841224019,0.008093434343434344,0.22425696986734306,0.061817023793276,81,35,176,30,92,19,7,18,15,64,0.26600449757589073
246,0,8877.39,0.9800000000000001,0.021484375,0.005411255411255412,0.1241446725317693,0.043137254901960784,88,29,169,14,66,2,7,19,5,57,0.26600449757589073
197,0,2641.38,0.8616241299303946,0.06579324841224019,0.008093434343434344,0.22425696986734306,0.061817023793276,81,27,176,30,92,19,7,18,15,64,0.26600449757589073
202,1,25838.53,0.0,0.0,0.005411255411255412,0.1241446725317693,0.058823529411764705,45,27,156,14,67,19,2,19,5,43,0.31965982991495745
328,0,5072.25,0.0,0.0,0.004329004329004329,0.01466275659824047,0.011764705882352941,81,18,103,14,92,22,5,19,9,13,0.07953976988494246
199,0,2641.38,1.0,0.00390625,0.008093434343434344,0.22425696986734306,0.061817023793276,81,27,176,30,92,19,7,18,15,64,0.26600449757589073
344,4,2437.6,0.8616241299303946,0.06579324841224019,0.008093434343434344,0.1241446725317693,0.061817023793276,81,9,82,30,92,19,7,18,5,64,0.26600449757589073
236,0,2641.38,0.8616241299303946,0.06579324841224019,0.008093434343434344,0.22425696986734306,0.061817023793276,81,27,176,30,92,19,7,18,15,64,0.26600449757589073
145,0,3171.77,0.8616241299303946,0.06579324841224019,0.008093434343434344,0.22425696986734306,0.061817023793276,81,20,176,30,92,19,7,18,15,64,0.26600449757589073
134,0,4232.57,0.8616241299303946,0.06579324841224019,0.008093434343434344,0.22425696986734306,0.058823529411764705,81,20,176,30,92,19,7,18,15,64,0.26600449757589073
249,0,6340.63,0.9199999999999999,0.009765625,0.004329004329004329,0.030303030303030304,0.0196078431372549,65,29,170,26,92,3,2,19,5,48,0.11455727863931965
53,4,17927.41,0.8616241299303946,0.06579324841224019,0.008093434343434344,0.22425696986734306,0.0196078431372549,81,7,176,30,92,19,7,18,15,64,0.26600449757589073
138,0,2110.98,0.8616241299303946,0.06579324841224019,0.008093434343434344,0.22425696986734306,0.061817023793276,81,20,176,30,92,19,7,18,15,64,0.26600449757589073
34,0,17346.36,0.9400000000000001,0.44140625,0.004329004329004329,0.24926686217008798,0.0196078431372549,50,4,31,5,3,9,7,19,17,42,0.05952976488244122
126,0,3171.77,0.78,0.064453125,0.008093434343434344,0.22425696986734306,0.061817023793276,81,20,176,30,92,19,7,18,15,64,0.26600449757589073
335,4,11602.96,0.8616241299303946,0.06579324841224019,0.005411255411255412,0.1241446725317693,0.027450980392156862,41,25,141,14,92,19,2,19,5,7,0.24962481240620313
331,1,27202.61,0.8616241299303946,0.06579324841224019,0.005411255411255412,0.24926686217008798,0.058823529411764705,81,27,60,30,92,19,8,18,15,64,0.26600449757589073
332,1,41633.19,0.0,0.0,0.005411255411255412,0.24926686217008798,0.058823529411764705,81,27,65,30,92,19,8,18,5,64,0.26600449757589073
311,6,38188.57,0.8616241299303946,0.06579324841224019,0.008093434343434344,0.22425696986734306,0.061817023793276,81,35,176,30,92,19,7,18,15,64,0.26600449757589073
309,5,47735.72,0.8616241299303946,0.06579324841224019,0.008093434343434344,0.22425696986734306,0.061817023793276,81,35,176,30,92,19,7,18,15,64,0.26600449757589073
310,8,36279.14,0.8616241299303946,0.06579324841224019,0.008093434343434344,0.22425696986734306,0.061817023793276,81,35,176,30,92,19,7,18,15,64,0.26600449757589073
313,8,53570.08,0.8616241299303946,0.06579324841224019,0.008093434343434344,0.22425696986734306,0.061817023793276,81,35,176,30,92,19,7,18,15,64,0.26600449757589073
312,6,38188.57,0.8616241299303946,0.06579324841224019,0.008093434343434344,0.22425696986734306,0.061817023793276,81,35,176,30,92,19,7,18,15,64,0.26600449757589073
131,0,2641.38,0.8616241299303946,0.06579324841224019,0.008093434343434344,0.22425696986734306,0.061817023793276,81,20,176,30,92,19,7,18,15,64,0.26600449757589073
73,4,42898.79,0.0,0.0,0.008093434343434344,0.1241446725317693,0.061817023793276,81,12,134,30,92,19,7,19,15,55,0.26600449757589073
130,0,42325.67,0.8616241299303946,0.06579324841224019,0.008093434343434344,0.22425696986734306,0.061817023793276,81,35,176,30,92,19,7,18,15,64,0.26600449757589073
151,0,6354.15,0.8616241299303946,0.06579324841224019,0.008093434343434344,0.22425696986734306,0.061817023793276,81,20,176,30,92,19,7,18,15,64,0.26600449757589073
0,3,2012.92,0.8616241299303946,0.06579324841224019,0.008093434343434344,0.22425696986734306,0.061817023793276,82,4,30,30,92,10,6,16,17,64,0.26600449757589073
77,0,3702.17,0.8616241299303946,0.06579324841224019,0.008093434343434344,0.22425696986734306,0.061817023793276,81,20,176,30,92,19,7,18,15,64,0.26600449757589073
67,0,12682.53,0.9400000000000001,0.0234375,0.005411255411255412,0.24926686217008798,0.09019607843137255,84,12,71,14,20,2,2,19,5,58,0.24962481240620313
312,6,38188.57,0.8616241299303946,0.06579324841224019,0.008093434343434344,0.22425696986734306,0.061817023793276,81,35,176,30,92,19,7,18,15,64,0.26600449757589073
131,0,2641.38,0.8616241299303946,0.06579324841224019,0.008093434343434344,0.22425696986734306,0.061817023793276,81,20,176,30,92,19,7,18,15,64,0.26600449757589073
73,4,42898.79,0.0,0.0,0.008093434343434344,0.1241446725317693,0.061817023793276,81,12,134,30,92,19,7,19,15,55,0.26600449757589073
130,0,42325.67,0.8616241299303946,0.06579324841224019,0.008093434343434344,0.22425696986734306,0.061817023793276,81,35,176,30,92,19,7,18,15,64,0.26600449757589073
151,0,6354.15,0.8616241299303946,0.06579324841224019,0.008093434343434344,0.22425696986734306,0.061817023793276,81,20,176,30,92,19,7,18,15,64,0.26600449757589073
0,3,2012.92,0.8616241299303946,0.06579324841224019,0.008093434343434344,0.22425696986734306,0.061817023793276,82,4,30,30,92,10,6,16,17,64,0.26600449757589073
77,0,3702.17,0.8616241299303946,0.06579324841224019,0.008093434343434344,0.22425696986734306,0.061817023793276,81,20,176,30,92,19,7,18,15,64,0.26600449757589073
67,0,12682.53,0.9400000000000001,0.0234375,0.005411255411255412,0.24926686217008798,0.09019607843137255,84,12,71,14,20,2,2,19,5,58,0.24962481240620313
330,0,6974.82,1.0,0.00390625,0.005411255411255412,0.06158357771260997,0.027450980392156862,81,18,52,15,92,2,5,19,6,14,0.05952976488244122
135,0,5293.36,0.8616241299303946,0.06579324841224019,0.008093434343434344,0.22425696986734306,0.061817023793276,81,20,176,30,92,19,7,18,15,64,0.26600449757589073
93,0,12729.52,0.8616241299303946,0.06579324841224019,0.008093434343434344,0.22425696986734306,0.061817023793276,81,35,176,30,92,19,7,18,15,64,0.26600449757589073
239,0,5293.36,0.8616241299303946,0.06579324841224019,0.008093434343434344,0.22425696986734306,0.061817023793276,81,30,176,30,92,19,7,18,15,64,0.26600449757589073
340,0,2154.98,0.8616241299303946,0.06579324841224019,0.0010822510822510823,0.057673509286412517,0.061817023793276,81,27,175,30,92,3,5,19,15,38,0.014507253626813408
148,1,22328.39,0.0,0.0,0.005411255411255412,0.1241446725317693,0.043137254901960784,81,20,111,14,57,19,2,19,5,47,0.26600449757589073
230,6,48750.98,0.0,0.0,0.008093434343434344,0.24926686217008798,0.061817023793276,81,27,166,30,92,19,3,12,15,64,0.26600449757589073
20,8,35100.43,0.0,0.0,0.008093434343434344,0.1241446725317693,0.061817023793276,81,4,24,30,92,19,3,6,15,64,0.26600449757589073
232,6,50701.05,1.0,0.001953125,0.008093434343434344,0.4995112414467253,0.061817023793276,81,27,166,30,92,19,8,21,15,64,0.26600449757589073
76,6,40950.66,0.8616241299303946,0.06579324841224019,0.008093434343434344,0.24926686217008798,0.061817023793276,81,12,73,30,92,19,8,19,15,64,0.26600449757589073
119,8,6824.3,0.8616241299303946,0.06579324841224019,0.008093434343434344,0.06158357771260997,0.061817023793276,81,18,102,30,92,19,8,17,15,64,0.26600449757589073
8,6,48750.98,0.8616241299303946,0.06579324841224019,0.005411255411255412,0.24926686217008798,0.027450980392156862,15,4,20,5,4,19,4,1,17,29,0.05952976488244122
55,0,1647.62,0.8800000000000001,0.978515625,0.0010822510822510823,0.24926686217008798,0.00392156862745098,4,7,37,14,92,2,5,19,11,2,0.014507253626813408
226,3,13950.91,0.0,0.0,0.005411255411255412,0.24926686217008798,0.058823529411764705,85,27,165,14,79,3,7,19,5,30,0.05952976488244122
25,4,19403.28,0.0,0.0,0.005411255411255412,0.24926686217008798,0.043137254901960784,14,4,26,5,0,2,4,5,17,54,0.2396198099049525
21,5,67272.82,1.0,0.0078125,0.005411255411255412,0.0,0.043137254901960784,81,4,25,5,10,19,7,19,17,51,0.2396198099049525
31,0,15805.83,0.0,0.0,0.008093434343434344,0.22425696986734306,0.061817023793276,81,35,176,30,92,19,7,18,15,64,0.26600449757589073
147,4,6824.3,0.0,0.0,0.005411255411255412,0.06158357771260997,0.027450980392156862,72,20,110,14,92,19,4,14,5,56,0.07953976988494246
337,0,1901.3,0.8616241299303946,0.06579324841224019,0.008093434343434344,0.030303030303030304,0.061817023793276,48,2,16,30,92,2,2,19,15,1,0.26600449757589073
24,5,91161.27,1.0,0.001953125,0.005411255411255412,0.0,0.058823529411764705,81,4,28,5,1,19,7,19,17,54,0.2396198099049525
325,1,8567.67,0.8616241299303946,0.06579324841224019,0.005411255411255412,0.24926686217008798,0.043137254901960784,81,32,173,14,92,19,2,19,5,4,0.24962481240620313
61,4,2916.12,0.8616241299303946,0.06579324841224019,0.008093434343434344,0.22425696986734306,0.00392156862745098,81,40,176,30,92,19,7,18,15,64,0.26600449757589073
341,1,2434.67,0.96,0.009765625,0.004329004329004329,0.01466275659824047,0.00392156862745098,43,3,79,17,92,19,4,1,5,40,0.02451225612806403
317,4,1950.08,0.8616241299303946,0.06579324841224019,0.005411255411255412,0.030303030303030304,0.061817023793276,47,32,3,16,92,19,4,8,5,21,0.03951975987993997
62,0,7609.01,0.96,0.0546875,0.005411255411255412,0.1241446725317693,0.027450980392156862,81,12,126,14,92,2,5,19,5,60,0.06053026513256628
200,4,6237.32,1.0,0.0078125,0.008093434343434344,0.01466275659824047,0.061817023793276,81,27,153,30,92,19,7,13,5,7,0.26600449757589073
338,3,2916.0,0.8616241299303946,0.06579324841224019,0.0010822510822510823,0.1163245356793744,0.061817023793276,81,20,108,27,92,6,5,19,13,38,0.26600449757589073
315,4,3897.23,0.0,0.0,0.004329004329004329,0.030303030303030304,0.0196078431372549,81,32,174,14,45,19,4,13,5,41,0.03951975987993997
339,0,3486.78,0.8800000000000001,0.234375,0.0010822510822510823,0.1163245356793744,0.061817023793276,81,20,108,27,92,18,5,19,13,38,0.26600449757589073
339,0,3740.45,0.8800000000000001,0.234375,0.0010822510822510823,0.1163245356793744,0.061817023793276,81,20,108,27,92,18,5,19,13,38,0.26600449757589073
271,1,4875.2,0.8616241299303946,0.06579324841224019,0.005411255411255412,0.030303030303030304,0.0196078431372549,46,37,74,16,92,19,5,19,5,7,0.03951975987993997
122,4,29246.29,0.8616241299303946,0.06579324841224019,0.005411255411255412,0.1241446725317693,0.061817023793276,81,18,140,30,92,19,4,5,15,23,0.31965982991495745
342,4,3895.28,0.8616241299303946,0.06579324841224019,0.008093434343434344,0.4995112414467253,0.061817023793276,48,15,81,30,92,19,7,14,5,38,0.26600449757589073
319,4,92627.73,1.0,0.005859375,0.005411255411255412,0.4995112414467253,0.061817023793276,81,27,66,30,92,19,7,19,10,66,0.26600449757589073
321,4,85798.56,0.0,0.0,0.005411255411255412,0.24926686217008798,0.043137254901960784,20,4,27,5,9,19,2,19,17,47,0.2396198099049525
68,4,44850.82,0.8616241299303946,0.06579324841224019,0.005411255411255412,0.1241446725317693,0.043137254901960784,18,12,70,14,20,19,4,19,5,15,0.05952976488244122
334,4,12578.0,0.8616241299303946,0.06579324841224019,0.008093434343434344,0.1241446725317693,0.061817023793276,76,8,41,30,92,19,7,19,5,47,0.04952476238119059
209,0,106.08,0.8616241299303946,0.0126953125,0.06818181818181818,0.002932551319648094,0.061817023793276,77,28,118,30,50,0,1,0,2,47,0.07953976988494246
3,4,9456.9,0.9400000000000001,0.037109375,0.005411255411255412,0.06158357771260997,0.027450980392156862,44,27,154,14,92,11,0,3,0,22,0.02451225612806403
343,4,38996.68,0.9800000000000001,0.234375,0.00021645021645021645,0.006842619745845552,0.0,91,27,157,2,14,24,8,19,16,39,0.26600449757589073
210,4,53529.64,0.0,0.0,0.005411255411255412,0.1241446725317693,0.058823529411764705,81,27,160,3,17,20,8,3,14,22,0.03451725862931466
232,6,50701.05,1.0,0.001953125,0.0071428571428571435,0.4995112414467253,0.09019607843137255,55,27,166,14,79,13,8,21,5,31,0.24962481240620313
76,6,40950.66,0.96,0.05859375,0.005627705627705628,0.24926686217008798,0.09019607843137255,21,12,73,14,22,12,8,19,5,36,0.24962481240620313
119,8,6824.3,0.9,0.234375,0.005844155844155844,0.06158357771260997,0.027450980392156862,62,18,102,14,61,2,8,17,5,17,0.07953976988494246
8,6,48750.98,0.9800000000000001,1.0,0.005952380952380953,0.24926686217008798,0.027450980392156862,16,4,20,5,5,8,4,1,17,29,0.05952976488244122
55,0,1647.62,0.8800000000000001,0.978515625,0.0015151515151515152,0.24926686217008798,0.00392156862745098,5,7,37,14,12,2,5,19,11,5,0.014507253626813408
225,3,13950.91,0.0,0.0,0.006168831168831169,0.24926686217008798,0.058823529411764705,87,27,165,14,79,3,8,19,5,30,0.05952976488244122
25,4,19403.28,0.0,0.0,0.00551948051948052,0.24926686217008798,0.043137254901960784,22,4,26,5,10,2,4,5,17,53,0.2396198099049525
21,5,67272.82,1.0,0.0078125,0.00551948051948052,1.0,0.043137254901960784,69,4,25,5,10,5,8,19,17,50,0.2396198099049525
232,6,50701.05,1.0,0.001953125,0.0071428571428571435,0.4995112414467253,0.09019607843137255,55,27,166,14,79,13,8,21,5,31,0.24962481240620313
76,6,40950.66,0.96,0.05859375,0.005627705627705628,0.24926686217008798,0.09019607843137255,21,12,73,14,22,12,8,19,5,36,0.24962481240620313
119,8,6824.3,0.9,0.234375,0.005844155844155844,0.06158357771260997,0.027450980392156862,62,18,102,14,61,2,8,17,5,17,0.07953976988494246
8,6,48750.98,0.9800000000000001,1.0,0.005952380952380953,0.24926686217008798,0.027450980392156862,16,4,20,5,5,8,4,1,17,29,0.05952976488244122
55,0,1647.62,0.8800000000000001,0.978515625,0.0015151515151515152,0.24926686217008798,0.00392156862745098,5,7,37,14,12,2,5,19,11,5,0.014507253626813408
225,3,13950.91,0.0,0.0,0.006168831168831169,0.24926686217008798,0.058823529411764705,87,27,165,14,79,3,8,19,5,30,0.05952976488244122
25,4,19403.28,0.0,0.0,0.00551948051948052,0.24926686217008798,0.043137254901960784,22,4,26,5,10,2,4,5,17,53,0.2396198099049525
21,5,67272.82,1.0,0.0078125,0.00551948051948052,1.0,0.043137254901960784,69,4,25,5,10,5,8,19,17,50,0.2396198099049525
278,5,52500.5,0.9400000000000001,0.029296875,0.006287878787878788,0.4995112414467253,0.09019607843137255,24,38,92,14,86,4,8,19,5,45,0.24962481240620313
155,5,39999.99,0.9800000000000001,0.04296875,0.006168831168831169,0.24926686217008798,0.09019607843137255,1,21,119,14,86,8,8,19,5,36,0.2396198099049525
241,5,48700.75,0.96,0.03515625,0.005952380952380953,0.4995112414467253,0.09019607843137255,13,29,168,14,86,2,8,19,5,36,0.05952976488244122
102,6,46999.89,0.9199999999999999,0.087890625,0.006060606060606061,0.4995112414467253,0.058823529411764705,59,14,78,14,31,6,8,19,12,36,0.24962481240620313
169,8,35870.77,0.9400000000000001,0.064453125,0.006168831168831169,0.4995112414467253,0.09019607843137255,38,22,49,14,86,18,8,19,5,36,0.24962481240620313
265,5,43250.55,0.9800000000000001,0.017578125,0.006255411255411256,0.4995112414467253,0.09019607843137255,0,36,188,14,87,2,8,19,5,36,0.24962481240620313
191,8,27850.99,0.9199999999999999,0.078125,0.005876623376623377,0.24926686217008798,0.09019607843137255,2,24,56,14,85,23,8,19,5,36,0.31965982991495745
106,6,21500.25,0.9,0.09765625,0.006277056277056277,0.1241446725317693,0.043137254901960784,68,15,183,14,72,1,8,19,5,36,0.2396198099049525
85,8,37500.66,0.96,0.0390625,0.006287878787878788,0.4995112414467253,0.09019607843137255,31,13,84,14,75,2,8,19,5,36,0.24962481240620313
297,5,37250.55,0.9800000000000001,0.0234375,0.006136363636363637,0.24926686217008798,0.09019607843137255,3,39,35,14,86,2,8,19,5,36,0.31965982991495745
142,8,28900.35,0.9400000000000001,0.05859375,0.006287878787878788,0.1241446725317693,0.058823529411764705,75,20,109,14,72,3,8,19,5,36,0.31965982991495745
37,5,52500.99,1.0,0.048828125,0.006255411255411256,0.4995112414467253,0.13725490196078433,3,0,143,14,86,22,8,19,5,36,0.31965982991495745
109,5,45500.66,0.9800000000000001,0.01953125,0.006168831168831169,0.4995112414467253,0.09019607843137255,0,16,88,14,86,3,8,19,5,36,0.24962481240620313
231,5,51900.0,1.0,0.001953125,0.007359307359307359,0.4995112414467253,0.09019607843137255,56,27,166,14,79,13,8,21,5,27,0.24962481240620313
74,5,42900.0,0.9800000000000001,0.05859375,0.005952380952380953,0.24926686217008798,0.09019607843137255,21,12,73,14,22,12,8,19,5,28,0.24962481240620313
117,8,7200.0,0.9,0.234375,0.006060606060606061,0.06158357771260997,0.027450980392156862,63,18,102,14,61,2,8,17,5,12,0.07953976988494246
6,5,49900.0,1.0,1.0,0.005952380952380953,0.24926686217008798,0.027450980392156862,19,4,20,5,5,8,4,1,17,24,0.05952976488244122
54,7,1800.0,0.8400000000000001,0.978515625,0.0015151515151515152,0.24926686217008798,0.00392156862745098,5,7,37,14,12,2,5,19,11,5,0.014507253626813408
227,2,15000.0,0.0,0.0,0.006168831168831169,0.24926686217008798,0.058823529411764705,86,27,165,14,79,3,8,19,5,25,0.05952976488244122
27,4,21000.0,0.0,0.0,0.00551948051948052,0.24926686217008798,0.043137254901960784,22,4,26,5,10,2,4,5,17,52,0.2396198099049525
22,5,69000.0,1.0,0.0078125,0.00551948051948052,1.0,0.043137254901960784,69,4,25,5,10,5,8,19,17,49,0.2396198099049525
278,5,53500.0,0.96,0.029296875,0.006287878787878788,0.4995112414467253,0.09019607843137255,24,38,92,14,86,4,8,19,5,26,0.24962481240620313
154,5,41000.0,0.9800000000000001,0.04296875,0.006168831168831169,0.24926686217008798,0.09019607843137255,1,21,119,14,86,8,8,19,5,26,0.2396198099049525
242,5,49900.0,0.9800000000000001,0.03515625,0.005952380952380953,0.4995112414467253,0.09019607843137255,13,29,168,14,86,2,8,19,5,26,0.05952976488244122
103,5,48000.0,0.9400000000000001,0.087890625,0.006060606060606061,0.4995112414467253,0.058823529411764705,59,14,78,14,31,6,8,19,12,26,0.24962481240620313
169,8,37000.0,0.96,0.064453125,0.006168831168831169,0.4995112414467253,0.09019607843137255,38,22,49,14,86,18,8,19,5,26,0.24962481240620313
266,5,44000.0,0.96,0.017578125,0.006255411255411256,0.4995112414467253,0.09019607843137255,0,36,188,14,87,2,8,19,5,26,0.24962481240620313
191,8,29000.0,0.9,0.078125,0.005876623376623377,0.24926686217008798,0.09019607843137255,2,24,56,14,85,23,8,19,5,26,0.31965982991495745
107,5,22000.0,0.9199999999999999,0.09765625,0.006277056277056277,0.1241446725317693,0.043137254901960784,68,15,183,14,72,1,8,19,5,26,0.2396198099049525
85,8,38000.0,0.9800000000000001,0.0390625,0.006287878787878788,0.4995112414467253,0.09019607843137255,31,13,84,14,75,2,8,19,5,26,0.24962481240620313
298,5,38000.0,0.96,0.0234375,0.006136363636363637,0.24926686217008798,0.09019607843137255,3,39,35,14,86,2,8,19,5,26,0.31965982991495745
143,8,30000.0,0.96,0.05859375,0.006287878787878788,0.1241446725317693,0.058823529411764705,75,20,109,14,72,3,8,19,5,26,0.31965982991495745
231,5,51900.0,1.0,0.001953125,0.007359307359307359,0.4995112414467253,0.09019607843137255,56,27,166,14,79,13,8,21,5,27,0.24962481240620313
74,5,42900.0,0.9800000000000001,0.05859375,0.005952380952380953,0.24926686217008798,0.09019607843137255,21,12,73,14,22,12,8,19,5,28,0.24962481240620313
117,8,7200.0,0.9,0.234375,0.006060606060606061,0.06158357771260997,0.027450980392156862,63,18,102,14,61,2,8,17,5,12,0.07953976988494246
6,5,49900.0,1.0,1.0,0.005952380952380953,0.24926686217008798,0.027450980392156862,19,4,20,5,5,8,4,1,17,24,0.05952976488244122
54,7,1800.0,0.8400000000000001,0.978515625,0.0015151515151515152,0.24926686217008798,0.00392156862745098,5,7,37,14,12,2,5,19,11,5,0.014507253626813408
227,2,15000.0,0.0,0.0,0.006168831168831169,0.24926686217008798,0.058823529411764705,86,27,165,14,79,3,8,19,5,25,0.05952976488244122
27,4,21000.0,0.0,0.0,0.00551948051948052,0.24926686217008798,0.043137254901960784,22,4,26,5,10,2,4,5,17,52,0.2396198099049525
22,5,69000.0,1.0,0.0078125,0.00551948051948052,1.0,0.043137254901960784,69,4,25,5,10,5,8,19,17,49,0.2396198099049525
278,5,53500.0,0.96,0.029296875,0.006287878787878788,0.4995112414467253,0.09019607843137255,24,38,92,14,86,4,8,19,5,26,0.24962481240620313
154,5,41000.0,0.9800000000000001,0.04296875,0.006168831168831169,0.24926686217008798,0.09019607843137255,1,21,119,14,86,8,8,19,5,26,0.2396198099049525
242,5,49900.0,0.9800000000000001,0.03515625,0.005952380952380953,0.4995112414467253,0.09019607843137255,13,29,168,14,86,2,8,19,5,26,0.05952976488244122
103,5,48000.0,0.9400000000000001,0.087890625,0.006060606060606061,0.4995112414467253,0.058823529411764705,59,14,78,14,31,6,8,19,12,26,0.24962481240620313
169,8,37000.0,0.96,0.064453125,0.006168831168831169,0.4995112414467253,0.09019607843137255,38,22,49,14,86,18,8,19,5,26,0.24962481240620313
266,5,44000.0,0.96,0.017578125,0.006255411255411256,0.4995112414467253,0.09019607843137255,0,36,188,14,87,2,8,19,5,26,0.24962481240620313
191,8,29000.0,0.9,0.078125,0.005876623376623377,0.24926686217008798,0.09019607843137255,2,24,56,14,85,23,8,19,5,26,0.31965982991495745
107,5,22000.0,0.9199999999999999,0.09765625,0.006277056277056277,0.1241446725317693,0.043137254901960784,68,15,183,14,72,1,8,19,5,26,0.2396198099049525
85,8,38000.0,0.9800000000000001,0.0390625,0.006287878787878788,0.4995112414467253,0.09019607843137255,31,13,84,14,75,2,8,19,5,26,0.24962481240620313
298,5,38000.0,0.96,0.0234375,0.006136363636363637,0.24926686217008798,0.09019607843137255,3,39,35,14,86,2,8,19,5,26,0.31965982991495745
143,8,30000.0,0.96,0.05859375,0.006287878787878788,0.1241446725317693,0.058823529411764705,75,20,109,14,72,3,8,19,5,26,0.31965982991495745
231,5,51000.0,1.0,0.001953125,0.007251082251082251,0.4995112414467253,0.09019607843137255,55,27,166,14,79,13,8,21,5,31,0.24962481240620313
75,5,41500.0,0.9800000000000001,0.05859375,0.005735930735930736,0.24926686217008798,0.09019607843137255,21,12,73,14,22,12,8,19,5,36,0.24962481240620313
118,5,7000.0,0.9199999999999999,0.234375,0.005952380952380953,0.06158357771260997,0.027450980392156862,62,18,102,14,61,2,8,17,5,17,0.07953976988494246
7,5,49000.0,1.0,0.9765625,0.005952380952380953,0.24926686217008798,0.027450980392156862,16,4,20,5,5,8,4,1,17,29,0.05952976488244122
56,8,1700.0,0.9,0.9765625,0.0015151515151515152,0.24926686217008798,0.00392156862745098,5,7,37,14,12,2,5,19,11,5,0.014507253626813408
228,8,14500.0,0.8,0.0,0.006277056277056277,0.24926686217008798,0.058823529411764705,87,27,165,14,79,3,8,19,5,30,0.05952976488244122
26,5,19500.0,0.0,0.0,0.00551948051948052,0.24926686217008798,0.043137254901960784,22,4,26,5,10,2,4,5,17,53,0.2396198099049525
21,5,68000.0,1.0,0.009765625,0.00551948051948052,1.0,0.043137254901960784,69,4,25,5,10,5,8,19,17,50,0.2396198099049525
279,8,53000.0,0.96,0.0390625,0.006385281385281386,0.4995112414467253,0.09019607843137255,24,38,92,14,86,4,8,19,5,45,0.24962481240620313
155,5,40500.0,0.9800000000000001,0.048828125,0.006277056277056277,0.24926686217008798,0.09019607843137255,1,21,119,14,86,8,8,19,5,36,0.2396198099049525
242,5,49000.0,0.9800000000000001,0.029296875,0.006060606060606061,0.4995112414467253,0.09019607843137255,13,29,168,14,86,2,8,19,5,36,0.05952976488244122
103,5,47000.0,0.96,0.078125,0.006168831168831169,0.4995112414467253,0.058823529411764705,59,14,78,14,31,6,8,19,12,36,0.24962481240620313
168,5,36000.0,0.96,0.068359375,0.006168831168831169,0.4995112414467253,0.09019607843137255,38,22,49,14,86,18,8,19,5,36,0.24962481240620313
266,5,44000.0,0.96,0.01953125,0.006255411255411256,0.4995112414467253,0.09019607843137255,0,36,188,14,87,2,8,19,5,36,0.24962481240620313
190,5,29000.0,0.9,0.05859375,0.005844155844155844,0.24926686217008798,0.09019607843137255,2,24,56,14,85,23,8,19,5,36,0.31965982991495745
107,5,22000.0,0.9400000000000001,0.087890625,0.006277056277056277,0.1241446725317693,0.043137254901960784,68,15,183,14,72,1,8,19,5,36,0.2396198099049525
84,5,38000.0,0.96,0.029296875,0.006385281385281386,0.4995112414467253,0.09019607843137255,31,13,84,14,75,2,8,19,5,36,0.24962481240620313
298,5,37500.0,0.9800000000000001,0.01953125,0.006168831168831169,0.24926686217008798,0.09019607843137255,3,39,35,14,86,2,8,19,5,36,0.31965982991495745
143,8,29000.0,0.9,0.048828125,0.006277056277056277,0.1241446725317693,0.058823529411764705,75,20,109,14,72,3,8,19,5,36,0.31965982991495745
38,5,53000.0,1.0,0.0390625,0.006277056277056277,0.4995112414467253,0.13725490196078433,3,0,143,14,86,22,8,19,5,36,0.05952976488244122
251,8,22500.0,0.9199999999999999,0.09765625,0.006136363636363637,0.24926686217008798,0.058823529411764705,23,32,172,14,64,9,8,19,5,36,0.31965982991495745
110,8,40000.0,0.8800000000000001,0.05859375,0.0079004329004329,0.24926686217008798,0.058823529411764705,54,17,171,14,86,2,8,19,5,36,0.31965982991495745
208,5,64000.0,1.0,0.009765625,0.006277056277056277,0.24926686217008798,0.09019607843137255,26,27,64,14,75,17,8,19,5,36,0.05952976488244122
82,8,20000.0,0.9199999999999999,0.13671875,0.006028138528138528,0.24926686217008798,0.058823529411764705,30,13,77,14,73,9,8,19,5,36,0.31965982991495745
178,5,21000.0,0.9800000000000001,0.029296875,0.006136363636363637,0.1241446725317693,0.058823529411764705,38,23,136,14,85,2,8,19,5,36,0.2396198099049525
71,8,42000.0,0.9400000000000001,0.09765625,0.006168831168831169,0.1241446725317693,0.09019607843137255,31,12,133,14,20,9,8,19,5,36,0.31965982991495745
57,5,15000.0,0.9,0.009765625,0.003787878787878788,0.06158357771260997,0.027450980392156862,74,7,80,14,58,2,8,19,11,20,0.05952976488244122
160,8,13000.0,0.9,0.048828125,0.005941558441558442,0.06158357771260997,0.027450980392156862,28,21,114,14,56,9,8,19,5,36,0.05952976488244122
150,8,18000.0,0.9199999999999999,0.029296875,0.006298701298701299,0.1241446725317693,0.027450980392156862,28,20,51,14,56,3,8,19,5,36,0.05952976488244122
290,8,15000.0,0.9,0.029296875,0.005876623376623377,0.1241446725317693,0.027450980392156862,39,38,146,14,62,3,8,19,5,20,0.05952976488244122
32,5,29500.0,0.96,0.09765625,0.004004329004329005,0.1241446725317693,0.027450980392156862,9,4,213,5,8,2,8,19,17,32,0.05952976488244122
201,5,24000.0,0.9199999999999999,0.05859375,0.005952380952380953,0.1241446725317693,0.043137254901960784,39,27,59,14,68,3,8,19,5,20,0.05952976488244122
245,8,22000.0,0.8800000000000001,0.078125,0.005411255411255412,0.1241446725317693,0.058823529411764705,30,29,190,14,63,2,8,19,5,36,0.05952976488244122
186,8,26000.0,0.9,0.0390625,0.005844155844155844,0.24926686217008798,0.058823529411764705,38,24,12,14,39,2,8,19,5,36,0.05952976488244122
252,8,15000.0,0.86,0.048828125,0.005411255411255412,0.06158357771260997,0.027450980392156862,28,32,2,14,34,2,8,19,5,36,0.05952976488244122
65,5,37000.0,0.9800000000000001,0.009765625,0.005844155844155844,0.1241446725317693,0.058823529411764705,25,12,129,14,20,2,8,19,5,36,0.31965982991495745
49,8,32000.0,0.9199999999999999,0.01953125,0.006136363636363637,0.24926686217008798,0.058823529411764705,38,35,176,30,86,2,8,19,5,36,0.05952976488244122
78,8,22000.0,0.8800000000000001,0.05859375,0.005692640692640693,0.1241446725317693,0.043137254901960784,28,13,75,14,29,2,8,19,5,20,0.05952976488244122
288,8,29000.0,0.9400000000000001,0.0390625,0.006136363636363637,0.24926686217008798,0.058823529411764705,38,38,139,14,83,2,8,19,5,36,0.31965982991495745
12,5,59000.0,0.9800000000000001,0.009765625,0.00551948051948052,0.24926686217008798,0.027450980392156862,32,4,209,5,7,18,8,19,17,32,0.2396198099049525
247,8,39000.0,0.9,0.029296875,0.00551948051948052,0.24926686217008798,0.058823529411764705,30,29,191,14,84,2,8,19,5,36,0.2396198099049525
105,8,25000.0,0.9,0.048828125,0.00551948051948052,0.1241446725317693,0.043137254901960784,40,15,53,14,81,2,8,19,5,36,0.2396198099049525
275,5,45000.0,0.96,0.01953125,0.006287878787878788,0.24926686217008798,0.058823529411764705,23,38,90,14,86,2,8,19,5,36,0.5397698849424712
172,8,21000.0,0.9,0.0390625,0.005876623376623377,0.1241446725317693,0.058823529411764705,23,22,150,14,38,22,8,19,5,36,0.31965982991495745
257,5,26000.0,0.9199999999999999,0.009765625,0.005887445887445888,0.1241446725317693,0.058823529411764705,23,36,178,14,36,21,8,19,5,36,0.31965982991495745
99,5,58000.0,0.9800000000000001,0.0234375,0.006038961038961039,0.24926686217008798,0.058823529411764705,30,14,124,14,30,2,8,19,5,36,0.24962481240620313
189,8,29000.0,0.9400000000000001,0.029296875,0.005876623376623377,0.1241446725317693,0.058823529411764705,23,24,56,14,86,23,8,19,5,36,0.31965982991495745
152,8,18000.0,0.8800000000000001,0.0390625,0.006136363636363637,0.1241446725317693,0.043137254901960784,28,20,184,14,56,3,8,19,5,36,0.2396198099049525
36,5,65000.0,0.9800000000000001,0.015625,0.006255411255411256,0.24926686217008798,0.09019607843137255,23,0,142,14,86,2,8,19,5,36,0.31965982991495745
121,8,22000.0,0.9199999999999999,0.048828125,0.006168831168831169,0.1241446725317693,0.058823529411764705,28,18,98,14,86,22,8,19,5,36,0.31965982991495745
83,8,37000.0,0.9400000000000001,0.01953125,0.006233766233766234,0.24926686217008798,0.09019607843137255,30,13,83,14,86,2,8,19,5,36,0.24962481240620313
224,8,55000.0,0.9,0.01953125,0.006168831168831169,0.1241446725317693,0.058823529411764705,23,27,68,14,86,16,8,19,5,36,0.05952976488244122
141,8,15000.0,0.86,0.029296875,0.005735930735930736,0.1241446725317693,0.027450980392156862,11,20,6,14,59,2,8,19,5,20,0.2396198099049525
240,5,70000.0,0.9800000000000001,0.009765625,0.005952380952380953,0.24926686217008798,0.09019607843137255,30,29,189,14,86,9,8,19,5,36,0.05952976488244122
283,8,50000.0,0.9199999999999999,0.01953125,0.006136363636363637,0.24926686217008798,0.058823529411764705,23,38,95,14,86,2,8,19,5,36,0.5397698849424712
65,5,45000.0,0.96,0.01953125,0.005844155844155844,0.1241446725317693,0.058823529411764705,30,12,129,14,20,2,8,19,5,36,0.24962481240620313
158,8,25000.0,0.9199999999999999,0.029296875,0.005876623376623377,0.1241446725317693,0.058823529411764705,23,21,112,14,33,3,8,19,5,36,0.24962481240620313
292,5,30000.0,0.9400000000000001,0.015625,0.006136363636363637,0.1241446725317693,0.058823529411764705,23,38,148,14,39,9,8,19,5,36,0.5397698849424712
184,8,23000.0,0.9,0.0390625,0.005844155844155844,0.1241446725317693,0.058823529411764705,12,24,8,14,68,22,8,19,5,20,0.5397698849424712
248,5,60000.0,0.96,0.009765625,0.00551948051948052,0.24926686217008798,0.09019607843137255,30,29,192,14,86,8,8,19,5,36,0.05952976488244122
95,8,20000.0,0.8800000000000001,0.048828125,0.006136363636363637,0.1241446725317693,0.058823529411764705,11,14,116,14,60,2,8,19,5,20,0.31965982991495745
108,8,28000.0,0.9199999999999999,0.029296875,0.006277056277056277,0.1241446725317693,0.058823529411764705,33,15,183,14,72,15,8,19,5,36,0.07953976988494246
112,5,32000.0,0.9400000000000001,0.01953125,0.006168831168831169,0.1241446725317693,0.058823529411764705,30,18,45,14,73,9,8,19,5,36,0.5397698849424712
150,8,15000.0,0.86,0.0390625,0.006298701298701299,0.1241446725317693,0.027450980392156862,28,20,51,14,56,3,8,19,5,36,0.2396198099049525
167,5,75000.0,0.9800000000000001,0.009765625,0.006168831168831169,0.24926686217008798,0.09019607843137255,23,22,49,14,86,2,8,19,5,36,0.24962481240620313
65,5,45000.0,0.96,0.01953125,0.005844155844155844,0.1241446725317693,0.058823529411764705,30,12,129,14,20,2,8,19,5,36,0.24962481240620313
158,8,25000.0,0.9199999999999999,0.029296875,0.005876623376623377,0.1241446725317693,0.058823529411764705,23,21,112,14,33,3,8,19,5,36,0.24962481240620313
292,5,30000.0,0.9400000000000001,0.015625,0.006136363636363637,0.1241446725317693,0.058823529411764705,23,38,148,14,39,9,8,19,5,36,0.5397698849424712
184,8,23000.0,0.9,0.0390625,0.005844155844155844,0.1241446725317693,0.058823529411764705,12,24,8,14,68,22,8,19,5,20,0.5397698849424712
248,5,60000.0,0.96,0.009765625,0.00551948051948052,0.24926686217008798,0.09019607843137255,30,29,192,14,86,8,8,19,5,36,0.05952976488244122
95,8,20000.0,0.8800000000000001,0.048828125,0.006136363636363637,0.1241446725317693,0.058823529411764705,11,14,116,14,60,2,8,19,5,20,0.31965982991495745
108,8,28000.0,0.9199999999999999,0.029296875,0.006277056277056277,0.1241446725317693,0.058823529411764705,33,15,183,14,72,15,8,19,5,36,0.07953976988494246
112,5,32000.0,0.9400000000000001,0.01953125,0.006168831168831169,0.1241446725317693,0.058823529411764705,30,18,45,14,73,9,8,19,5,36,0.5397698849424712
150,8,15000.0,0.86,0.0390625,0.006298701298701299,0.1241446725317693,0.027450980392156862,28,20,51,14,56,3,8,19,5,36,0.2396198099049525
167,5,75000.0,0.9800000000000001,0.009765625,0.006168831168831169,0.24926686217008798,0.09019607843137255,23,22,49,14,86,2,8,19,5,36,0.24962481240620313
205,5,50000.0,0.9800000000000001,0.013671875,0.005627705627705628,0.1241446725317693,0.058823529411764705,27,27,62,14,15,18,8,19,5,36,0.24962481240620313
256,8,26000.0,0.9,0.029296875,0.005887445887445888,0.1241446725317693,0.058823529411764705,23,36,178,14,37,22,8,19,5,36,0.31965982991495745
45,5,70000.0,0.96,0.009765625,0.005303030303030303,0.24926686217008798,0.12156862745098039,23,5,200,14,86,2,8,19,5,36,0.05952976488244122
152,8,23000.0,0.8800000000000001,0.05859375,0.006136363636363637,0.1241446725317693,0.058823529411764705,28,20,184,14,56,3,8,19,5,36,0.2396198099049525
179,5,29000.0,0.9400000000000001,0.01953125,0.006136363636363637,0.24926686217008798,0.058823529411764705,23,23,48,14,85,9,8,19,5,36,0.5397698849424712
296,8,22000.0,0.86,0.048828125,0.006406926406926407,0.1241446725317693,0.058823529411764705,30,39,34,14,72,2,8,19,5,36,0.2396198099049525
188,5,58000.0,0.96,0.009765625,0.005876623376623377,0.24926686217008798,0.09019607843137255,34,24,54,14,86,6,8,19,5,36,0.24962481240620313
253,8,18000.0,0.8800000000000001,0.0390625,0.006277056277056277,0.1241446725317693,0.058823529411764705,11,33,42,14,41,8,8,19,5,20,0.31965982991495745
13,5,70000.0,0.9800000000000001,0.0234375,0.00551948051948052,0.24926686217008798,0.058823529411764705,35,4,210,5,8,3,8,19,17,32,0.24962481240620313
70,8,48000.0,0.9199999999999999,0.029296875,0.005735930735930736,0.1241446725317693,0.058823529411764705,30,12,132,14,21,22,8,19,5,36,0.24962481240620313
207,5,75000.0,0.96,0.015625,0.00551948051948052,0.1241446725317693,0.058823529411764705,27,27,63,14,16,2,8,19,5,36,0.24962481240620313
276,8,27000.0,0.9,0.03515625,0.006006493506493507,0.1241446725317693,0.058823529411764705,23,38,91,14,74,15,8,19,5,36,0.31965982991495745
156,5,65000.0,0.9400000000000001,0.01953125,0.006168831168831169,0.24926686217008798,0.09019607843137255,23,21,11,14,86,2,8,19,5,36,0.05952976488244122
264,8,55000.0,0.9199999999999999,0.0234375,0.0060173160173160175,0.24926686217008798,0.09019607843137255,23,36,187,14,33,7,8,19,5,36,0.2396198099049525
174,5,58000.0,0.96,0.01171875,0.006006493506493507,0.24926686217008798,0.09019607843137255,23,22,151,14,33,8,8,19,5,36,0.24962481240620313
98,8,23000.0,0.8800000000000001,0.0390625,0.005844155844155844,0.1241446725317693,0.043137254901960784,11,14,123,14,26,2,8,19,5,20,0.31965982991495745
185,5,30000.0,0.9199999999999999,0.01953125,0.006060606060606061,0.1241446725317693,0.058823529411764705,23,24,11,14,65,3,8,19,5,36,0.24962481240620313
149,8,20000.0,0.86,0.048828125,0.006298701298701299,0.1241446725317693,0.027450980392156862,28,20,51,14,56,9,8,19,5,36,0.2396198099049525
36,5,90000.0,0.9800000000000001,0.005859375,0.006255411255411256,0.24926686217008798,0.12156862745098039,23,5,142,14,86,2,8,19,5,36,0.05952976488244122
120,8,18000.0,0.8400000000000001,0.078125,0.006060606060606061,0.1241446725317693,0.027450980392156862,11,18,97,14,40,9,8,19,5,20,0.2396198099049525
244,5,32000.0,0.9,0.029296875,0.005411255411255412,0.1241446725317693,0.043137254901960784,30,29,190,14,63,3,8,19,5,36,0.05952976488244122
299,8,15000.0,0.82,0.05859375,0.005941558441558442,0.1241446725317693,0.027450980392156862,11,39,38,14,47,2,8,19,5,20,0.2396198099049525
180,5,35000.0,0.9199999999999999,0.01953125,0.006136363636363637,0.24926686217008798,0.058823529411764705,28,23,185,14,83,3,8,19,5,36,0.24962481240620313
69,8,34000.0,0.9,0.0390625,0.00551948051948052,0.1241446725317693,0.058823529411764705,30,12,131,14,20,2,8,19,5,36,0.24962481240620313
285,5,40000.0,0.9400000000000001,0.01953125,0.006136363636363637,0.24926686217008798,0.09019607843137255,23,38,137,14,75,23,7,18,15,64,0.24962481240620313
92,8,85000.0,0.96,0.009765625,0.006233766233766234,0.24926686217008798,0.058823529411764705,30,14,87,14,28,18,8,19,5,36,0.05952976488244122
270,5,23000.0,0.9199999999999999,0.0234375,0.005887445887445888,0.1241446725317693,0.058823529411764705,10,36,196,14,42,3,8,19,5,20,0.2396198099049525
141,8,21000.0,0.8800000000000001,0.0390625,0.005735930735930736,0.1241446725317693,0.043137254901960784,11,20,6,14,59,2,8,19,5,20,0.24962481240620313
48,5,70000.0,0.96,0.01171875,0.006136363636363637,0.24926686217008798,0.058823529411764705,23,5,201,14,86,2,8,19,5,36,0.05952976488244122
113,8,57000.0,0.9400000000000001,0.009765625,0.006168831168831169,0.24926686217008798,0.09019607843137255,30,18,46,14,86,8,8,19,5,36,0.24962481240620313
163,8,16000.0,0.8400000000000001,0.05859375,0.005963203463203463,0.1241446725317693,0.027450980392156862,11,22,14,14,46,9,8,19,5,19,0.2396198099049525
293,5,30000.0,0.9400000000000001,0.01953125,0.006136363636363637,0.24926686217008798,0.058823529411764705,23,38,148,14,39,2,8,19,5,36,0.5397698849424712
170,8,75000.0,0.96,0.015625,0.006006493506493507,0.24926686217008798,0.09019607843137255,23,22,50,14,86,22,8,19,5,36,0.24962481240620313
259,5,22000.0,0.9,0.0234375,0.005887445887445888,0.1241446725317693,0.058823529411764705,23,36,179,14,43,3,8,19,5,36,0.31965982991495745
96,8,25000.0,0.8800000000000001,0.0390625,0.005573593073593074,0.1241446725317693,0.043137254901960784,11,14,121,14,25,8,8,19,5,20,0.2396198099049525
187,5,58000.0,0.9800000000000001,0.01171875,0.006168831168831169,0.24926686217008798,0.09019607843137255,23,24,55,14,75,2,8,19,5,36,0.24962481240620313
273,8,40000.0,0.9199999999999999,0.029296875,0.006136363636363637,0.24926686217008798,0.058823529411764705,23,38,89,14,84,9,8,19,5,36,0.5397698849424712
80,5,29000.0,0.96,0.01953125,0.006028138528138528,0.1241446725317693,0.058823529411764705,30,13,4,14,73,15,8,19,5,36,0.24962481240620313
296,8,22000.0,0.86,0.048828125,0.006406926406926407,0.1241446725317693,0.058823529411764705,30,39,34,14,72,2,8,19,5,36,0.2396198099049525
260,5,62000.0,0.96,0.009765625,0.0060173160173160175,0.24926686217008798,0.09019607843137255,23,36,186,14,86,6,8,19,5,36,0.24962481240620313
173,8,28000.0,0.9,0.0234375,0.005876623376623377,0.1241446725317693,0.058823529411764705,23,22,150,14,38,2,8,19,5,36,0.31965982991495745
79,5,55000.0,0.9400000000000001,0.013671875,0.006028138528138528,0.24926686217008798,0.058823529411764705,30,13,1,14,30,3,8,19,5,36,0.24962481240620313
284,8,30000.0,0.9199999999999999,0.029296875,0.006136363636363637,0.24926686217008798,0.058823529411764705,23,38,136,14,85,22,8,19,5,36,0.5397698849424712
91,5,45000.0,0.9199999999999999,0.0234375,0.005952380952380953,0.1241446725317693,0.058823529411764705,30,14,86,14,27,2,8,19,5,36,0.31965982991495745
165,8,22000.0,0.8800000000000001,0.029296875,0.005876623376623377,0.1241446725317693,0.058823529411764705,10,22,15,14,43,22,8,19,5,20,0.2396198099049525
282,5,70000.0,0.96,0.015625,0.006136363636363637,0.24926686217008798,0.09019607843137255,23,38,95,14,86,9,8,19,5,36,0.5397698849424712
267,8,15000.0,0.82,0.05859375,0.005963203463203463,0.1241446725317693,0.027450980392156862,11,36,193,14,46,3,8,19,5,20,0.2396198099049525
88,5,35000.0,0.9400000000000001,0.01953125,0.006190476190476191,0.1241446725317693,0.058823529411764705,30,13,181,14,32,6,8,19,5,36,0.24962481240620313
301,8,60000.0,0.9800000000000001,0.009765625,0.006277056277056277,0.24926686217008798,0.09019607843137255,23,39,117,14,86,2,8,19,5,36,0.31965982991495745
289,5,40000.0,0.9400000000000001,0.015625,0.006136363636363637,0.24926686217008798,0.09019607843137255,23,38,145,14,85,9,8,19,5,36,0.5397698849424712
194,8,45000.0,0.96,0.01171875,0.006082251082251083,0.24926686217008798,0.09019607843137255,23,24,58,14,86,8,8,19,5,36,0.24962481240620313
166,5,22000.0,0.9,0.029296875,0.005876623376623377,0.1241446725317693,0.058823529411764705,10,22,47,14,42,2,8,19,5,20,0.31965982991495745
255,8,31000.0,0.9199999999999999,0.01953125,0.005887445887445888,0.24926686217008798,0.058823529411764705,23,36,177,14,72,22,8,19,5,35,0.49974987493746875
293,5,30000.0,0.9400000000000001,0.01953125,0.006136363636363637,0.24926686217008798,0.058823529411764705,23,38,148,14,39,2,8,19,5,36,0.5397698849424712
170,8,75000.0,0.96,0.015625,0.006006493506493507,0.24926686217008798,0.09019607843137255,23,22,50,14,86,22,8,19,5,36,0.24962481240620313
259,5,22000.0,0.9,0.0234375,0.005887445887445888,0.1241446725317693,0.058823529411764705,23,36,179,14,43,3,8,19,5,36,0.31965982991495745
96,8,25000.0,0.8800000000000001,0.0390625,0.005573593073593074,0.1241446725317693,0.043137254901960784,11,14,121,14,25,8,8,19,5,20,0.2396198099049525
187,5,58000.0,0.9800000000000001,0.01171875,0.006168831168831169,0.24926686217008798,0.09019607843137255,23,24,55,14,75,2,8,19,5,36,0.24962481240620313
273,8,40000.0,0.9199999999999999,0.029296875,0.006136363636363637,0.24926686217008798,0.058823529411764705,23,38,89,14,84,9,8,19,5,36,0.5397698849424712
80,5,29000.0,0.96,0.01953125,0.006028138528138528,0.1241446725317693,0.058823529411764705,30,13,4,14,73,15,8,19,5,36,0.24962481240620313
296,8,22000.0,0.86,0.048828125,0.006406926406926407,0.1241446725317693,0.058823529411764705,30,39,34,14,72,2,8,19,5,36,0.2396198099049525
260,5,62000.0,0.96,0.009765625,0.0060173160173160175,0.24926686217008798,0.09019607843137255,23,36,186,14,86,6,8,19,5,36,0.24962481240620313
173,8,28000.0,0.9,0.0234375,0.005876623376623377,0.1241446725317693,0.058823529411764705,23,22,150,14,38,2,8,19,5,36,0.31965982991495745
79,5,55000.0,0.9400000000000001,0.013671875,0.006028138528138528,0.24926686217008798,0.058823529411764705,30,13,1,14,30,3,8,19,5,36,0.24962481240620313
284,8,30000.0,0.9199999999999999,0.029296875,0.006136363636363637,0.24926686217008798,0.058823529411764705,23,38,136,14,85,22,8,19,5,36,0.5397698849424712
91,5,45000.0,0.9199999999999999,0.0234375,0.005952380952380953,0.1241446725317693,0.058823529411764705,30,14,86,14,27,2,8,19,5,36,0.31965982991495745
165,8,22000.0,0.8800000000000001,0.029296875,0.005876623376623377,0.1241446725317693,0.058823529411764705,10,22,15,14,43,22,8,19,5,20,0.2396198099049525
282,5,70000.0,0.96,0.015625,0.006136363636363637,0.24926686217008798,0.09019607843137255,23,38,95,14,86,9,8,19,5,36,0.5397698849424712
267,8,15000.0,0.82,0.05859375,0.005963203463203463,0.1241446725317693,0.027450980392156862,11,36,193,14,46,3,8,19,5,20,0.2396198099049525
88,5,35000.0,0.9400000000000001,0.01953125,0.006190476190476191,0.1241446725317693,0.058823529411764705,30,13,181,14,32,6,8,19,5,36,0.24962481240620313
301,8,60000.0,0.9800000000000001,0.009765625,0.006277056277056277,0.24926686217008798,0.09019607843137255,23,39,117,14,86,2,8,19,5,36,0.31965982991495745
289,5,40000.0,0.9400000000000001,0.015625,0.006136363636363637,0.24926686217008798,0.09019607843137255,23,38,145,14,85,9,8,19,5,36,0.5397698849424712
194,8,45000.0,0.96,0.01171875,0.006082251082251083,0.24926686217008798,0.09019607843137255,23,24,58,14,86,8,8,19,5,36,0.24962481240620313
166,5,22000.0,0.9,0.029296875,0.005876623376623377,0.1241446725317693,0.058823529411764705,10,22,47,14,42,2,8,19,5,20,0.31965982991495745
255,8,31000.0,0.9199999999999999,0.01953125,0.005887445887445888,0.24926686217008798,0.058823529411764705,23,36,177,14,72,22,8,19,5,35,0.24962481240620313
74,5,42900.0,0.9800000000000001,0.05859375,0.005952380952380953,0.24926686217008798,0.09019607843137255,21,12,73,14,22,12,8,19,5,28,0.24962481240620313
117,8,7200.0,0.9,0.234375,0.006060606060606061,0.06158357771260997,0.027450980392156862,63,18,102,14,61,2,8,17,5,12,0.07953976988494246
6,5,49900.0,1.0,1.0,0.005952380952380953,0.24926686217008798,0.027450980392156862,19,4,20,5,5,8,4,1,17,24,0.05952976488244122
54,7,1800.0,0.8400000000000001,0.978515625,0.0015151515151515152,0.24926686217008798,0.00392156862745098,5,7,37,14,12,2,5,18,15,5,0.014507253626813408
227,2,15000.0,0.0,0.0,0.006168831168831169,0.24926686217008798,0.058823529411764705,86,27,165,14,79,3,8,19,5,25,0.05952976488244122
74,5,42900.0,0.9800000000000001,0.05859375,0.005952380952380953,0.24926686217008798,0.09019607843137255,21,12,73,14,22,12,8,19,5,28,0.24962481240620313
117,8,7200.0,0.9,0.234375,0.006060606060606061,0.06158357771260997,0.027450980392156862,63,18,102,14,61,2,8,17,5,12,0.07953976988494246
6,5,49900.0,1.0,1.0,0.005952380952380953,0.24926686217008798,0.027450980392156862,19,4,20,5,5,8,4,1,17,24,0.05952976488244122
54,7,1800.0,0.8400000000000001,0.978515625,0.0015151515151515152,0.24926686217008798,0.00392156862745098,5,7,37,14,12,2,5,19,11,5,0.014507253626813408
227,2,15000.0,0.0,0.0,0.006168831168831169,0.24926686217008798,0.058823529411764705,86,27,165,14,79,3,8,19,5,25,0.05952976488244122
293,5,30000.0,0.9400000000000001,0.01953125,0.006136363636363637,0.24926686217008798,0.058823529411764705,23,38,148,14,39,2,8,19,5,36,0.5397698849424712
170,8,75000.0,0.96,0.015625,0.006006493506493507,0.24926686217008798,0.09019607843137255,23,22,50,14,86,22,8,19,5,36,0.24962481240620313
259,5,22000.0,0.9,0.0234375,0.005887445887445888,0.1241446725317693,0.058823529411764705,23,36,179,14,43,3,8,19,5,36,0.31965982991495745
96,8,25000.0,0.8800000000000001,0.0390625,0.005573593073593074,0.1241446725317693,0.043137254901960784,11,14,121,14,25,8,8,19,5,20,0.2396198099049525
187,5,58000.0,0.9800000000000001,0.01171875,0.006168831168831169,0.24926686217008798,0.09019607843137255,23,24,55,14,75,2,8,19,5,36,0.24962481240620313
273,8,40000.0,0.9199999999999999,0.029296875,0.006136363636363637,0.24926686217008798,0.058823529411764705,23,38,89,14,84,9,8,19,5,36,0.5397698849424712
80,5,29000.0,0.96,0.01953125,0.006028138528138528,0.1241446725317693,0.058823529411764705,30,13,4,14,73,15,8,19,5,36,0.24962481240620313
296,8,22000.0,0.86,0.048828125,0.006406926406926407,0.1241446725317693,0.058823529411764705,30,39,34,14,72,2,8,19,5,36,0.2396198099049525
260,5,62000.0,0.96,0.009765625,0.0060173160173160175,0.24926686217008798,0.09019607843137255,23,36,186,14,86,6,8,19,5,36,0.24962481240620313
173,8,28000.0,0.9,0.0234375,0.005876623376623377,0.1241446725317693,0.058823529411764705,23,22,150,14,38,2,8,19,5,36,0.31965982991495745
79,5,55000.0,0.9400000000000001,0.013671875,0.006028138528138528,0.24926686217008798,0.058823529411764705,30,13,1,14,30,3,8,19,5,36,0.24962481240620313
284,8,30000.0,0.9199999999999999,0.029296875,0.006136363636363637,0.24926686217008798,0.058823529411764705,23,38,136,14,85,22,8,19,5,36,0.5397698849424712
91,5,45000.0,0.9199999999999999,0.0234375,0.005952380952380953,0.1241446725317693,0.058823529411764705,30,14,86,14,27,2,8,19,5,36,0.31965982991495745
165,8,22000.0,0.8800000000000001,0.029296875,0.005876623376623377,0.1241446725317693,0.058823529411764705,10,22,15,14,43,22,8,19,5,20,0.2396198099049525
282,5,70000.0,0.96,0.015625,0.006136363636363637,0.24926686217008798,0.09019607843137255,23,38,95,14,86,9,8,19,5,36,0.5397698849424712
267,8,15000.0,0.82,0.05859375,0.005963203463203463,0.1241446725317693,0.027450980392156862,11,36,193,14,92,19,8,19,5,20,0.2396198099049525
88,5,35000.0,0.9400000000000001,0.01953125,0.006190476190476191,0.1241446725317693,0.058823529411764705,30,13,181,14,32,6,8,19,5,36,0.24962481240620313
301,8,60000.0,0.9800000000000001,0.009765625,0.006277056277056277,0.24926686217008798,0.09019607843137255,23,39,117,14,86,2,8,19,5,36,0.31965982991495745
289,5,40000.0,0.9400000000000001,0.015625,0.006136363636363637,0.24926686217008798,0.09019607843137255,23,38,145,14,85,9,8,19,5,36,0.5397698849424712
194,8,45000.0,0.96,0.01171875,0.006082251082251083,0.24926686217008798,0.09019607843137255,23,24,58,14,86,8,8,19,5,36,0.24962481240620313
166,5,22000.0,0.9,0.029296875,0.005876623376623377,0.1241446725317693,0.061817023793276,81,35,176,30,92,2,8,19,5,20,0.31965982991495745
255,8,31000.0,0.9199999999999999,0.01953125,0.005887445887445888,0.24926686217008798,0.058823529411764705,23,36,177,14,72,22,8,19,5,36,0.31965982991495745
90,8,45000.0,0.9199999999999999,0.0234375,0.006082251082251083,0.1241446725317693,0.058823529411764705,30,14,85,14,30,2,8,19,5,36,0.19959979989994997
286,5,23000.0,0.9199999999999999,0.01953125,0.006136363636363637,0.1241446725317693,0.043137254901960784,11,38,138,14,70,3,8,19,5,20,0.31965982991495745
162,8,15000.0,0.8400000000000001,0.0390625,0.005963203463203463,0.1241446725317693,0.027450980392156862,11,22,14,14,46,6,8,19,5,20,0.2396198099049525
87,5,38000.0,0.9400000000000001,0.029296875,0.006028138528138528,0.1241446725317693,0.058823529411764705,29,13,180,14,30,9,8,19,5,36,0.19959979989994997
182,8,17000.0,0.86,0.048828125,0.005952380952380953,0.1241446725317693,0.058823529411764705,11,24,5,14,42,3,8,19,5,20,0.31965982991495745
272,5,50000.0,0.96,0.01953125,0.006136363636363637,0.1241446725317693,0.058823529411764705,23,38,36,14,86,2,8,19,5,36,0.2396198099049525
263,8,65000.0,0.9800000000000001,0.009765625,0.0060173160173160175,0.24926686217008798,0.09019607843137255,23,36,187,14,87,6,8,19,5,36,0.24962481240620313
171,8,23000.0,0.8800000000000001,0.029296875,0.005876623376623377,0.1241446725317693,0.058823529411764705,10,22,149,14,35,9,7,19,5,20,0.31965982991495745
97,5,60000.0,0.9400000000000001,0.0234375,0.00551948051948052,0.1241446725317693,0.058823529411764705,30,14,122,14,30,2,8,19,5,36,0.24962481240620313
276,8,28000.0,0.9,0.01953125,0.006006493506493507,0.1241446725317693,0.058823529411764705,10,38,91,14,74,15,8,19,5,20,0.31965982991495745
294,8,45000.0,0.9199999999999999,0.0390625,0.00591991341991342,0.24926686217008798,0.09019607843137255,23,39,32,14,81,2,8,19,5,36,0.2396198099049525
10,5,65000.0,0.96,0.029296875,0.00551948051948052,0.1241446725317693,0.027450980392156862,67,4,207,5,7,2,8,19,17,32,0.05952976488244122
64,8,40000.0,0.9,0.01953125,0.005411255411255412,0.1241446725317693,0.058823529411764705,67,12,128,14,72,8,8,19,5,36,0.07953976988494246
4,8,50000.0,0.9400000000000001,0.0234375,0.00551948051948052,0.06158357771260997,0.027450980392156862,61,4,204,5,5,22,8,19,17,18,0.05952976488244122
206,5,75000.0,0.9800000000000001,0.0390625,0.005627705627705628,0.1241446725317693,0.058823529411764705,52,27,62,14,15,2,8,19,5,36,0.31965982991495745
203,8,95000.0,0.96,0.03515625,0.006385281385281386,0.24926686217008798,0.058823529411764705,52,27,61,14,18,18,8,19,5,36,0.5397698849424712
63,8,35000.0,0.9,0.01953125,0.005194805194805195,0.1241446725317693,0.043137254901960784,67,12,127,14,69,2,8,19,5,20,0.05952976488244122
33,5,40000.0,0.9199999999999999,0.01953125,0.004004329004329005,0.1241446725317693,0.0196078431372549,61,4,212,5,5,17,8,19,17,18,0.05952976488244122
153,8,60000.0,0.9199999999999999,0.01953125,0.006006493506493507,0.24926686217008798,0.09019607843137255,53,21,10,14,84,2,8,19,5,36,0.2396198099049525
15,5,95000.0,0.9800000000000001,0.0390625,0.00551948051948052,0.24926686217008798,0.043137254901960784,80,4,211,5,8,6,8,19,17,32,0.05952976488244122
114,8,48000.0,0.9,0.029296875,0.006168831168831169,0.24926686217008798,0.09019607843137255,67,18,46,14,86,3,8,19,5,36,0.5397698849424712
66,5,70000.0,0.96,0.03515625,0.00617965367965368,0.1241446725317693,0.09019607843137255,67,12,130,14,20,2,8,19,5,36,0.24962481240620313
11,8,55000.0,0.9400000000000001,0.0234375,0.004761904761904762,0.06158357771260997,0.027450980392156862,67,4,208,5,7,3,8,19,17,18,0.05952976488244122
229,5,120000.0,0.9800000000000001,0.01953125,0.0071428571428571435,0.24926686217008798,0.09019607843137255,52,27,69,14,86,2,8,19,5,36,0.05952976488244122
250,8,38000.0,0.8800000000000001,0.01953125,0.006136363636363637,0.24926686217008798,0.058823529411764705,79,32,0,14,71,22,8,19,5,36,0.2396198099049525
159,8,20000.0,0.8400000000000001,0.029296875,0.005941558441558442,0.1241446725317693,0.027450980392156862,58,21,113,14,55,7,8,19,5,36,0.06453226613306652
35,5,45000.0,0.96,0.02734375,0.00551948051948052,0.1241446725317693,0.0196078431372549,61,4,214,5,4,17,8,19,17,18,0.05952976488244122
15,5,95000.0,0.9800000000000001,0.0390625,0.00551948051948052,0.24926686217008798,0.043137254901960784,80,4,211,5,8,6,8,19,17,32,0.05952976488244122
114,8,48000.0,0.9,0.029296875,0.006168831168831169,0.24926686217008798,0.09019607843137255,67,18,46,14,86,3,8,19,5,36,0.5397698849424712
66,5,70000.0,0.96,0.03515625,0.00617965367965368,0.1241446725317693,0.09019607843137255,67,12,130,14,20,2,8,19,5,36,0.24962481240620313
11,8,55000.0,0.9400000000000001,0.0234375,0.004761904761904762,0.06158357771260997,0.027450980392156862,67,4,208,5,7,3,8,19,17,18,0.05952976488244122
229,5,120000.0,0.9800000000000001,0.01953125,0.0071428571428571435,0.24926686217008798,0.09019607843137255,52,27,69,14,86,2,8,19,5,36,0.05952976488244122
250,8,38000.0,0.8800000000000001,0.01953125,0.006136363636363637,0.24926686217008798,0.058823529411764705,79,32,0,14,71,22,8,19,5,36,0.2396198099049525
159,8,20000.0,0.8400000000000001,0.029296875,0.005941558441558442,0.1241446725317693,0.027450980392156862,58,21,113,14,55,7,8,19,5,36,0.06453226613306652
35,5,45000.0,0.96,0.02734375,0.00551948051948052,0.1241446725317693,0.0196078431372549,61,4,214,5,4,17,8,19,17,18,0.05952976488244122
274,5,55000.0,0.96,0.01953125,0.006287878787878788,0.24926686217008798,0.058823529411764705,37,38,90,14,86,9,8,19,5,64,0.5397698849424712
176,8,42000.0,0.9199999999999999,0.029296875,0.006006493506493507,0.24926686217008798,0.09019607843137255,37,22,152,14,33,3,8,19,5,36,0.31965982991495745
193,5,33000.0,0.9400000000000001,0.015625,0.005876623376623377,0.1241446725317693,0.058823529411764705,37,24,57,14,73,2,8,19,5,36,0.24962481240620313
100,8,65000.0,0.9800000000000001,0.009765625,0.006060606060606061,0.24926686217008798,0.058823529411764705,67,14,125,14,86,6,8,19,5,36,0.24962481240620313
243,8,33000.0,0.8800000000000001,0.0390625,0.005411255411255412,0.1241446725317693,0.043137254901960784,67,29,190,14,63,9,8,19,5,36,0.05952976488244122
144,5,49000.0,0.9199999999999999,0.01953125,0.006287878787878788,0.1241446725317693,0.058823529411764705,58,20,9,14,72,3,8,19,5,64,0.31965982991495745
261,8,52000.0,0.9400000000000001,0.029296875,0.0060173160173160175,0.24926686217008798,0.09019607843137255,37,36,186,14,86,2,8,19,5,36,0.2396198099049525
46,5,75000.0,0.9800000000000001,0.009765625,0.006136363636363637,0.24926686217008798,0.058823529411764705,79,5,201,14,86,22,8,19,5,36,0.31965982991495745
36,5,60000.0,0.9800000000000001,0.01953125,0.006255411255411256,0.24926686217008798,0.09019607843137255,37,5,142,14,86,2,8,19,5,64,0.31965982991495745
44,8,45000.0,0.9400000000000001,0.029296875,0.005303030303030303,0.1241446725317693,0.058823529411764705,37,5,200,14,86,2,8,19,5,36,0.31965982991495745
47,5,70000.0,0.96,0.009765625,0.006136363636363637,0.24926686217008798,0.058823529411764705,79,5,201,14,86,18,8,19,5,64,0.31965982991495745
39,8,90000.0,0.9800000000000001,0.015625,0.006255411255411256,0.4995112414467253,0.12156862745098039,37,5,143,14,86,22,8,19,5,36,0.31965982991495745
51,5,18000.0,0.9,0.0390625,0.005400432900432901,0.06158357771260997,0.027450980392156862,58,5,203,14,58,2,8,19,5,20,0.07953976988494246
42,8,32000.0,0.9199999999999999,0.029296875,0.005844155844155844,0.1241446725317693,0.043137254901960784,58,5,198,14,81,9,8,19,5,64,0.2396198099049525
41,5,40000.0,0.9400000000000001,0.01953125,0.005627705627705628,0.24926686217008798,0.058823529411764705,37,5,197,14,80,2,8,19,5,20,0.05952976488244122
43,8,55000.0,0.96,0.013671875,0.006136363636363637,0.24926686217008798,0.058823529411764705,37,5,199,14,84,22,8,19,5,64,0.31965982991495745
50,8,9000.0,0.8400000000000001,0.05859375,0.004816017316017316,0.01466275659824047,0.011764705882352941,58,5,202,16,53,2,8,19,5,20,0.06453226613306652
40,5,75000.0,0.96,0.009765625,0.00604978354978355,0.4995112414467253,0.09019607843137255,37,5,144,14,82,2,8,19,5,36,0.2396198099049525
36,5,60000.0,0.9800000000000001,0.01953125,0.006255411255411256,0.24926686217008798,0.09019607843137255,37,5,142,14,86,2,8,19,5,36,0.31965982991495745
44,8,45000.0,0.9400000000000001,0.029296875,0.005303030303030303,0.1241446725317693,0.058823529411764705,37,5,200,14,86,2,8,19,5,36,0.31965982991495745
47,5,70000.0,0.96,0.009765625,0.006136363636363637,0.24926686217008798,0.058823529411764705,79,5,201,14,86,18,8,19,5,36,0.31965982991495745
39,8,90000.0,0.9800000000000001,0.015625,0.006255411255411256,0.4995112414467253,0.12156862745098039,37,5,143,14,86,22,8,19,5,36,0.31965982991495745
51,5,18000.0,0.9,0.0390625,0.005400432900432901,0.06158357771260997,0.027450980392156862,58,5,203,14,58,2,8,19,5,20,0.07953976988494246
42,8,32000.0,0.9199999999999999,0.029296875,0.005844155844155844,0.1241446725317693,0.043137254901960784,58,5,198,14,81,9,8,19,5,36,0.2396198099049525
41,5,40000.0,0.9400000000000001,0.01953125,0.005627705627705628,0.24926686217008798,0.058823529411764705,37,5,197,14,80,2,8,19,5,20,0.05952976488244122
43,8,55000.0,0.96,0.013671875,0.006136363636363637,0.24926686217008798,0.058823529411764705,37,5,199,14,84,22,8,19,5,36,0.31965982991495745
50,8,9000.0,0.8400000000000001,0.05859375,0.004816017316017316,0.01466275659824047,0.011764705882352941,58,5,202,16,53,2,8,19,5,20,0.06453226613306652
40,5,75000.0,0.96,0.009765625,0.00604978354978355,0.4995112414467253,0.09019607843137255,37,5,144,14,82,2,8,19,5,36,0.2396198099049525
304,5,38000.0,0.96,0.05859375,0.00551948051948052,0.06158357771260997,0.027450980392156862,60,4,204,0,11,20,8,23,3,24,0.05952976488244122
302,8,40000.0,0.9400000000000001,0.048828125,0.00551948051948052,0.1241446725317693,0.027450980392156862,60,4,204,0,93,20,8,23,3,24,0.05952976488244122
303,5,46000.0,0.9800000000000001,0.0390625,0.00551948051948052,0.24926686217008798,0.027450980392156862,60,4,204,0,88,20,8,23,3,24,0.05952976488244122
306,8,75000.0,0.96,0.029296875,0.005194805194805195,0.06158357771260997,0.027450980392156862,66,4,205,0,19,20,8,23,3,24,0.05952976488244122
305,5,90000.0,0.9800000000000001,0.01953125,0.005194805194805195,0.24926686217008798,0.027450980392156862,66,4,205,31,91,20,8,23,3,24,0.05952976488244122
308,8,90000.0,0.96,0.0390625,0.005952380952380953,0.06158357771260997,0.027450980392156862,66,4,206,0,90,20,8,23,3,24,0.05952976488244122
307,5,105000.0,0.9800000000000001,0.015625,0.005952380952380953,0.24926686217008798,0.027450980392156862,66,4,206,0,11,20,8,23,3,24,0.05952976488244122
81,8,28000.0,0.9,0.0234375,0.006028138528138528,0.1241446725317693,0.058823529411764705,66,13,4,22,11,20,8,3,4,0,0.2396198099049525
262,5,70000.0,0.9800000000000001,0.009765625,0.0060173160173160175,0.24926686217008798,0.09019607843137255,66,36,187,4,23,20,7,3,4,22,0.2396198099049525
280,8,32000.0,0.9199999999999999,0.0390625,0.006136363636363637,0.1241446725317693,0.058823529411764705,81,38,93,24,13,20,8,3,4,6,0.2396198099049525
175,5,60000.0,0.96,0.01953125,0.006006493506493507,0.24926686217008798,0.09019607843137255,66,22,151,6,19,20,8,3,4,37,0.2396198099049525
192,8,25000.0,0.8800000000000001,0.029296875,0.005876623376623377,0.1241446725317693,0.061817023793276,79,24,57,22,24,20,8,3,4,37,0.2396198099049525
101,5,75000.0,0.96,0.009765625,0.006060606060606061,0.24926686217008798,0.09019607843137255,66,14,125,25,11,20,8,3,4,22,0.2396198099049525
157,8,35000.0,0.9199999999999999,0.01953125,0.006006493506493507,0.1241446725317693,0.058823529411764705,53,21,13,24,13,20,8,3,4,6,0.2396198099049525
287,5,32000.0,0.9400000000000001,0.029296875,0.006136363636363637,0.24926686217008798,0.058823529411764705,60,38,139,23,24,20,8,3,4,6,0.2396198099049525
269,8,20000.0,0.9,0.048828125,0.006038961038961039,0.1241446725317693,0.058823529411764705,60,36,195,10,51,20,8,3,1,22,0.2396198099049525
89,5,25000.0,0.9400000000000001,0.01953125,0.005952380952380953,0.1241446725317693,0.058823529411764705,66,13,182,9,11,20,8,3,4,37,0.2396198099049525
300,8,18000.0,0.86,0.05859375,0.006298701298701299,0.1241446725317693,0.027450980392156862,60,39,39,29,23,20,8,3,1,6,0.2396198099049525
195,5,22000.0,0.9199999999999999,0.029296875,0.005952380952380953,0.1241446725317693,0.043137254901960784,60,24,105,11,24,20,8,3,1,6,0.2396198099049525
277,8,85000.0,0.9800000000000001,0.009765625,0.006287878787878788,0.24926686217008798,0.09019607843137255,66,38,92,25,11,20,8,3,4,22,0.2396198099049525
164,5,22000.0,0.8616241299303946,0.008984375,0.02056277056277056,0.005307917888563049,1.0,36,31,120,1,48,22,8,19,5,20,0.2396198099049525
268,8,15000.0,0.86,0.048828125,0.005963203463203463,0.1241446725317693,0.027450980392156862,60,36,194,18,11,20,8,3,1,6,0.2396198099049525
291,5,30000.0,0.96,0.01953125,0.006136363636363637,0.1241446725317693,0.043137254901960784,79,38,147,20,24,20,8,3,1,0,0.2396198099049525
94,8,24000.0,0.9,0.029296875,0.005952380952380953,0.1241446725317693,0.058823529411764705,66,14,115,7,93,20,8,3,4,37,0.2396198099049525
183,5,23000.0,0.9400000000000001,0.01953125,0.005844155844155844,0.1241446725317693,0.058823529411764705,79,24,7,11,23,20,8,3,1,37,0.2396198099049525
283,8,90000.0,0.96,0.009765625,0.006136363636363637,0.24926686217008798,0.09019607843137255,66,38,95,25,11,20,8,3,4,0,0.2396198099049525
258,5,27000.0,0.9199999999999999,0.0390625,0.005887445887445888,0.1241446725317693,0.058823529411764705,79,36,179,12,93,20,8,3,1,37,0.2396198099049525
86,8,21000.0,0.8800000000000001,0.029296875,0.005984848484848485,0.1241446725317693,0.058823529411764705,66,13,135,8,24,20,8,3,4,37,0.2396198099049525
295,5,32000.0,0.9400000000000001,0.01953125,0.00591991341991342,0.1241446725317693,0.043137254901960784,81,39,33,21,11,20,8,3,4,37,0.2396198099049525
161,8,15000.0,0.86,0.048828125,0.005963203463203463,0.1241446725317693,0.027450980392156862,60,22,14,13,23,20,8,3,1,6,0.2396198099049525
281,5,24000.0,0.9,0.0234375,0.005497835497835498,0.1241446725317693,0.027450980392156862,79,38,94,19,13,20,8,3,1,6,0.2396198099049525
104,8,19000.0,0.8616241299303946,0.06579324841224019,0.008093434343434344,0.22425696986734306,0.061817023793276,81,35,176,30,92,19,7,18,15,64,0.2396198099049525
